Survived,Pclass,Sex_Encoded,Age,SibSp,Parch,Fare,Embarked_Q,Embarked_S,Age_Standardized,Fare_Standardized
0,3,1,32.48824818305749,1,1,40.2047248901357,False,True,0.23596897526730035,0.2506749346771573
1,3,1,27.550768274919328,1,0,9.989454497127053,True,False,-0.11035130397165971,-0.6834178859953203
0,3,0,9.218231430395456,0,0,4.282193763344969,False,True,-1.396215630971645,-0.8598555351637791
0,1,1,4.414202308822979,0,0,34.102084313588776,False,True,-1.7331755250489538,0.062014278143167616
0,3,1,7.58287319161489,0,0,29.13642535277184,True,False,-1.5109214591364795,-0.09149705320934963
1,1,1,13.259673871240192,0,0,65.21229482382054,False,True,-1.1127444066463372,1.023773809308606
0,1,1,26.53847976612581,0,0,70.87579703269515,False,True,-0.18135433498307243,1.1988586814399032
1,1,0,-8.56272325376855,0,3,19.074848089425373,False,True,-2.6433913776932165,-0.4025466305948304
0,1,1,40.99520582463802,0,0,19.67672012158016,False,True,0.8326563543997668,-0.3839400010036742
1,1,0,-5.243378423048714,1,2,2.562965029749687,False,False,-2.4105688751103616,-0.9130047936763481
1,3,1,28.578100325674793,0,0,35.55147439239574,False,True,-0.03829310235703752,0.10682158416286701
0,2,1,29.917778785617195,0,0,55.098233605866724,False,True,0.05567342043791247,0.7111017117681983
0,3,0,37.50189494263623,1,0,8.978584088106944,False,True,0.5876316813617444,-0.7146685344063443
0,2,1,32.83659478274326,0,0,67.08962609393473,False,True,0.26040238946231803,1.0818107435682895
0,2,0,44.97737978903307,0,2,8.91615387056353,False,True,1.111970422504491,-0.7165985392430316
0,3,0,19.209789271380824,2,1,25.592850485313143,False,True,-0.6953967586114975,-0.20104523199958432
0,2,1,31.45097368974728,0,0,6.84171973557007,False,True,0.16321339978059363,-0.7807288285719555
0,3,1,52.13976637791943,2,0,3.438406824524545,False,True,1.6143481069973582,-0.8859408659080552
0,2,1,26.25342069200021,1,0,77.4551607964902,False,True,-0.20134869242603853,1.4022570418191518
0,3,0,32.48740408083085,0,0,54.96390010351124,False,True,0.23590976900737093,0.7069488460650643
0,2,0,43.92237501249339,0,0,45.672377292645066,False,True,1.0379712254227083,0.4197051895345943
1,2,1,18.937671957221298,0,2,1.5998568025248412,False,True,-0.7144833667554927,-0.9427788936224961
0,3,1,-1.642624833128302,0,0,59.397192733481695,True,False,-2.1580080521940914,0.8440022883719647
0,3,1,33.40581797882935,0,0,18.442619489340846,False,True,0.30032833141762655,-0.4220917211626585
0,1,0,44.035702955691036,0,0,13.412832619361359,False,True,1.0459201721858324,-0.5775855407992235
0,3,0,10.104036409066413,3,0,25.302652324873964,False,True,-1.334084294080744,-0.21001659034630024
0,3,1,39.41818851052141,0,0,3.0655637180153135,False,True,0.722042622951595,-0.8974671592192706
0,3,1,39.516012616423296,1,0,45.22369161698741,False,True,0.728904113489795,0.4058342539805185
0,3,1,-3.2656957571719083,0,0,27.946087754291852,False,False,-2.271852034569177,-0.1282958569418474
1,2,0,16.1238148301018,0,0,6.608643539374804,False,True,-0.9118504050286728,-0.7879342845782676
1,1,1,23.960482679390896,0,0,6.67331008069153,False,True,-0.3621778902311027,-0.7859351446997891
0,3,1,18.924553160864235,2,0,1.8781289030502244,False,True,-0.7154035335819275,-0.9341762245775632
1,2,1,53.93650192214034,0,0,58.712318235016575,False,True,1.7403731171179133,0.8228296712231882
0,1,1,28.140392588045827,0,0,0.5648997573066281,False,True,-0.06899440519593404,-0.9747741706154971
0,3,1,19.621866927828776,0,0,1.607875224024007,False,True,-0.6664931778973828,-0.9425310073763009
0,3,1,37.48781707938658,1,0,54.7840191301283,False,True,0.5866442445270812,0.7013878987815522
1,1,1,30.448582462312515,1,0,12.659905479323198,False,True,0.09290457498523466,-0.6008619777415797
0,2,1,26.71694993299439,0,0,13.766075500219221,False,True,-0.16883624089951463,-0.5666651805088406
1,1,0,20.27475830427843,0,0,29.030349955169612,False,True,-0.6206986576134482,-0.09477633107320575
0,3,0,20.099102740719815,0,1,10.25595337176094,False,True,-0.6330193323206462,-0.6751791814504022
0,1,1,21.031778395962284,0,1,0.8630008421226177,False,True,-0.5676004345484118,-0.9655584965692465
0,3,0,34.61281171175568,0,0,42.524421039273264,False,True,0.3849882013115267,0.3223873996284012
1,3,1,35.40240374031822,0,0,27.817669996763716,False,True,0.4403710559062199,-0.13226583979467824
1,3,0,50.188423956589034,0,3,43.31430837372796,False,True,1.477478800221627,0.3468064459800425
1,1,0,24.341009830701513,0,3,7.376742376989914,False,True,-0.3354872966992311,-0.7641888207630848
0,1,1,10.87716016670786,0,0,13.907430870620026,False,False,-1.2798565421477497,-0.5622952366050641
1,1,1,52.58254871471695,0,0,4.313629807842474,False,True,1.6454053478114519,-0.858883702607144
0,3,0,12.73474406631577,1,0,4.451127310228557,False,True,-1.1495635613577597,-0.8546330231272424
0,3,1,25.886807345180166,1,0,31.673439104664617,False,True,-0.22706335638531389,-0.013066302772023575
1,3,0,34.48594251178301,0,0,3.573070969598002,False,True,0.3760894558829245,-0.8817777785194936
0,2,1,38.68893181973917,0,0,53.6272011476744,False,True,0.6708917554063293,0.6656253403738327
0,2,1,13.908338315856833,1,0,27.66541349062769,False,True,-1.0672463680170055,-0.13697278788524522
0,1,0,30.248997767629778,0,0,48.665464724916085,False,True,0.07890548466378922,0.51223527269335
1,1,1,38.17630310526874,1,1,38.87862408966472,False,True,0.6349354127286223,0.20967906665756855
0,3,1,29.755144603786217,2,0,57.55301975586252,False,True,0.04426607978774211,0.7869904292667472
1,3,0,22.015902342793904,0,0,44.045624425468915,False,True,-0.4985728969354047,0.3694147848990227
0,2,0,32.95707388814078,0,0,60.89028016315852,False,True,0.26885292661892657,0.8901604802582817
0,2,0,41.902160959576506,0,0,10.78596702804892,False,True,0.8962711865475184,-0.658794024383877
1,2,1,20.74426916378342,1,0,32.73262232781642,False,False,-0.5877666487760073,0.01967791667907101
1,2,0,21.526347461660436,0,0,1.0878370185115758,False,True,-0.5329108155277398,-0.9586077774308545
0,3,0,28.496012749354787,1,0,27.744238730655823,False,True,-0.04405081537706153,-0.13453593758272064
1,3,1,36.19399534240101,1,0,6.190451415857737,False,True,0.4958941627900922,-0.8008625243443911
1,3,1,35.08086374405187,0,0,8.588178132530153,True,False,0.41781788640168865,-0.7267377760682172
0,1,0,30.395440966732426,1,0,21.82245460794088,False,True,0.08917717195152546,-0.31760549025103624
0,2,1,23.55524203400355,0,0,7.612633053052366,False,True,-0.3906019154586691,-0.7568963562539968
0,3,1,6.248237223425765,2,0,4.984490901179603,False,False,-1.6045342960057052,-0.8381443041902528
1,1,1,19.308721884242452,0,0,45.531590935239514,False,True,-0.6884575161741548,0.4153528364366195
1,3,0,31.977291430436896,1,0,22.22038443210006,False,True,0.20012990583535528,-0.305303651245665
1,3,0,32.05979401527274,0,0,77.69534516339215,False,True,0.20591672800979946,1.4096822440378545
0,2,1,30.299996262494794,0,1,5.073406918808658,False,False,0.08248257526689388,-0.8353955015937583
0,3,1,37.656269885782955,0,0,33.22415022609452,False,True,0.5984597099133043,0.0348733021570061
1,1,0,21.273382340974763,0,0,8.483549538574792,False,False,-0.5506540677259274,-0.7299723265845474
1,1,0,30.08687532810277,0,0,5.4561335145278305,False,True,0.06753403818248775,-0.8235636642250476
0,3,1,37.995345286871355,0,0,36.80668945221799,False,True,0.6222428320267627,0.14562604828082612
1,3,1,28.469097631715876,0,2,28.820019925685237,False,True,-0.0459386713744284,-0.10127859856767917
0,3,1,11.671803038111566,0,0,44.98537807116372,False,True,-1.224119415872829,0.3984668874361365
0,2,1,41.74735870205082,3,0,19.012988380465497,False,False,0.8854131856947446,-0.4044589983902111
0,3,0,49.890846362667304,0,0,16.639581476613234,False,True,1.4566063800113964,-0.47783190952377713
0,3,1,33.066261271259506,0,0,11.061212190040887,False,True,0.27651144993741567,-0.6502849319151558
1,2,0,12.254577270757952,0,1,11.177544748103998,False,True,-1.1832429892871315,-0.646688558098744
1,1,1,38.6680815166189,0,0,9.305083853080573,False,True,0.6694292921795064,-0.7045749266892447
0,1,0,38.815065876197636,0,1,9.88217460344995,True,False,0.6797389370591072,-0.68673440036646
1,3,0,11.293769504073733,4,2,72.37101234325338,False,True,-1.250635104342545,1.245082655900022
0,2,1,19.61276502120107,0,2,3.495333475011128,False,False,-0.66713159565372,-0.8841810016131868
0,3,0,36.50879136605227,0,1,76.00000263147217,False,True,0.5179743026271227,1.3572714177553409
0,3,1,40.05450074594134,1,0,5.914368364836766,False,True,0.7666742640222912,-0.8093975198123686
1,3,1,29.413638143747903,0,0,93.23229858958146,False,True,0.020312440521800187,1.8900008531966248
1,3,1,22.64459158522979,0,0,36.14547105409139,False,True,-0.4544759409891014,0.12518474987267006
1,3,1,18.155524781940702,0,0,11.48622317881171,False,False,-0.7693440311407138,-0.6371458896972977
1,3,1,18.70911277347923,0,0,11.584800332069483,False,True,-0.7305147596540675,-0.6340984170140241
0,1,1,6.987928872020657,0,0,3.124224748388133,False,True,-1.5526515090256754,-0.8956536772741551
1,3,0,10.210340179733791,0,0,4.970581433884923,False,False,-1.3266280305158027,-0.8385743097262067
1,3,1,6.452723231168729,0,0,3.5376715647657506,False,True,-1.59019142218757,-0.8828721367522611
0,3,0,31.15754137036835,1,0,4.8778550140681,True,False,0.1426317336926872,-0.8414409093598012
1,3,1,21.112135303035828,0,0,7.028110846045713,False,True,-0.5619641125756136,-0.774966623042504
0,1,1,35.593923419957065,0,0,3.2866727069185564,True,False,0.4538044571891208,-0.8906316645692389
0,3,0,6.7955751426147835,0,0,5.84127598304696,False,False,-1.5661434114779158,-0.811657141129261
0,2,0,49.69129132081858,0,0,82.35180495211753,True,False,1.4426093695723903,1.5536348084803981
0,3,1,11.649947045836722,0,0,55.13618053940929,False,True,-1.2256524192446894,0.7122748258170748
0,3,1,19.403823773913654,0,2,13.985783101446213,False,True,-0.6817869648808124,-0.5598730091900366
0,3,0,21.03321205087016,0,2,34.130967426693694,False,True,-0.5674998764140468,0.06290718786196389
1,3,0,7.569070547527925,1,0,24.65996191077429,False,False,-1.511889591795927,-0.2298851036482509
0,3,1,32.80160608892148,0,0,36.730133403867235,False,True,0.25794824393868904,0.1432593491180068
0,3,0,7.366409335549388,1,2,9.900299653733033,False,True,-1.5261044724291888,-0.6861740717934061
1,1,1,58.459100405349815,2,0,1.2732016438093812,False,True,2.057593156233255,-0.9528773052740543
1,3,1,37.6638465492739,0,1,19.456319757250103,False,True,0.5989911454360207,-0.39075358881263655
0,1,1,67.8962196329244,0,0,70.91737073460958,False,True,2.719523093551703,1.2001439155609928
0,1,0,18.025916021648758,0,3,26.96965078403964,False,False,-0.778434932347651,-0.15848200956892497
0,1,1,43.58929230856616,0,0,57.15589254069236,False,True,1.0146084376889055,0.7747134025925153
0,2,1,25.486661005088248,0,0,5.71736592915691,False,True,-0.25513006142823863,-0.8154877701536704
0,3,1,50.16023806535875,0,0,37.661881780863574,False,True,1.4755018107648432,0.1720639720224206
0,1,1,23.82155488960021,0,0,35.89628275714781,False,True,-0.3719224384317058,0.11748119481117184
0,2,1,10.480106280605106,0,1,8.934543940995136,False,True,-1.3077063390616315,-0.7160300176796504
0,3,0,21.714542662415084,0,0,51.27177754588082,False,True,-0.5197105968555875,0.5928083757244951
0,3,0,14.8198152381971,3,1,3.6224423594942494,False,False,-1.0033143727202833,-0.8802514820393079
1,3,1,24.389642679885206,0,0,48.55396641956284,False,True,-0.3320761350899003,0.5087883478373767
0,1,0,36.136263338152816,0,0,77.1240685962621,False,False,0.4918447764220981,1.3920214608301005
1,1,1,29.861552664206982,1,0,15.443720538891608,False,True,0.05172965835085803,-0.5148014650471623
1,3,1,39.9897987123342,0,0,31.871064402201004,False,True,0.7621359921177878,-0.0069567969092292755
0,1,1,48.05162826599165,1,0,17.99581941433825,False,True,1.3276015968684416,-0.43590436413779526
1,3,1,24.352458918171386,0,0,18.426734874404225,False,True,-0.33468424509327666,-0.42258278758630624
1,3,0,43.58705097809914,0,1,45.95294007721285,False,True,1.0144512283011926,0.4283786741469738
0,3,1,40.43856758749418,1,0,90.43212802942382,False,True,0.793613135326612,1.8034347168397284
0,2,1,15.893407302279433,1,0,6.147418193286311,False,True,-0.9280114428169338,-0.8021928789542137
1,3,1,35.82849844977326,0,0,66.47657084664482,False,False,0.47025780815760393,1.062858389420183
0,2,1,31.28732375868569,0,0,42.791777777123876,False,True,0.1517348133605717,0.3306526246664818
0,3,1,5.5341507783262145,0,0,9.98307300042512,True,False,-1.6546211058092282,-0.6836151673757906
0,3,0,-7.396341557227981,0,1,32.09217286578555,False,True,-2.561580080764322,-0.00012131849921195038
0,2,0,14.86366508588473,0,0,9.512457724440587,False,True,-1.0002386961042153,-0.6981640476233647
1,3,1,14.76594727186667,0,1,40.665052836429574,False,True,-1.0070927312126066,0.2649057863026819
0,1,1,18.839043671151114,1,0,0.912783641421627,False,True,-0.7214012633764769,-0.964019481534354
1,1,1,47.351916761398634,0,0,15.056573270549013,False,True,1.2785230612256013,-0.5267699657157995
0,2,0,41.5980535755924,0,1,31.53650604529346,False,True,0.87494075966995,-0.017299532725210124
1,2,1,26.049905111108675,0,0,5.053989311722106,False,False,-0.21562349943591907,-0.8359957890357791
0,1,0,14.296691250087576,0,0,8.573451503110805,False,True,-1.040006865451257,-0.7271930438395923
1,3,1,38.10482682517838,0,0,29.00634612613706,False,True,0.629921987714162,-0.09551839970526883
0,2,1,23.026180677041815,1,0,3.637547636676313,False,False,-0.42771086178076617,-0.8797845085260312
1,2,1,13.235817041377107,1,0,0.5458385488938177,True,False,-1.114417750970498,-0.9753634401371714
1,3,1,50.86611218805013,0,0,76.89976276977556,False,True,1.525012599229037,1.3850871372436875
0,1,1,4.758513011256635,0,0,10.054529149859686,False,False,-1.7090251931326157,-0.6814061295180599
0,1,1,55.83138972225596,0,0,7.60114226095328,False,True,1.8732826345786127,-0.7572515894279511
1,2,1,35.25495307506169,0,2,9.859747445922439,False,True,0.4300287038327576,-0.6874277268388714
1,3,1,36.66441746869283,0,0,34.792203991285035,False,False,0.5288900888836937,0.0833490478790042
0,3,1,37.94296326648168,0,0,79.19138490625477,False,True,0.6185686994194474,1.4559317054880494
0,3,1,31.22698515274676,1,0,22.365274291242937,False,True,0.1475025970788978,-0.3008244400569767
1,1,0,6.667264163945408,0,2,50.72906906057704,False,True,-1.5751432848523796,0.57603076317142
1,3,0,41.197555375650055,0,0,4.668428861677095,True,False,0.8468493747895532,-0.8479152338607915
0,3,1,15.835435194330115,0,0,11.387237628949519,False,True,-0.9320776703229916,-0.64020598779584
1,1,1,31.977277278321033,0,0,10.146124556898526,False,True,0.20012891319036052,-0.6785744946854505
0,1,0,45.38815986624231,0,0,54.162536810150115,False,True,1.1407829895815589,0.6821750251015992
0,1,1,41.53305622921079,1,0,2.961620949119213,False,False,0.8703817742021673,-0.9006805077322507
1,3,0,28.623940811033833,0,2,13.404580775412777,False,True,-0.03507780022207073,-0.5778406432057029
0,1,1,43.10034644591059,0,0,31.78871970644661,False,True,0.9803132363234254,-0.009502449757083191
0,3,1,23.571813369537406,0,0,17.220157673533215,False,False,-0.38943958373150855,-0.45988363203552507
1,3,1,39.51067124092978,1,0,5.829369114054257,False,False,0.7285294635293191,-0.8120252371515075
0,3,0,37.53035135844537,0,0,55.024841761211604,False,True,0.589627645710464,0.7088328326783682
1,1,0,10.862808657634528,0,0,10.57785548081296,True,False,-1.2808631728018989,-0.6652277084000603
0,2,1,11.977928774242638,0,1,2.324625981758728,False,True,-1.2026474195525194,-0.9203729486098806
0,3,1,45.04400218068666,4,0,1.8653439747451004,False,True,1.1166433904375876,-0.9345714654470738
1,3,1,43.29462177196909,0,0,4.104421734757776,True,False,0.9939399216814608,-0.8653512852748919
1,3,1,30.97554790526604,3,0,84.5359630519425,False,True,0.12986651159021095,1.6211571696482208
1,1,0,-4.973479249850154,1,0,21.972964974196785,False,True,-2.3916378498165827,-0.31295252336615426
0,1,1,28.6142988960059,0,2,59.23719322904532,False,True,-0.0357540947624027,0.8390559686316073
0,3,0,21.946367910385923,1,0,39.456061461718065,False,True,-0.5034501186145376,0.22753030864902918
0,3,1,19.368834204280553,0,2,42.12139360994427,False,True,-0.6842411718348121,0.3099279702281796
0,1,0,50.64409562822853,0,0,6.115730138948431,False,True,1.5094401131787425,-0.8031725022927803
1,3,1,28.825809624821627,0,0,14.3420480717806,False,True,-0.02091849927070977,-0.548859222230068
0,2,1,36.29452995981452,0,0,32.45392571202981,False,True,0.5029457715912624,0.01106212391713602
1,1,1,40.924906193480794,0,2,2.346240466070795,False,True,0.827725460837519,-0.9197047456000836
1,3,0,32.50150762935581,0,1,24.489174753579572,False,True,0.23689900743553605,-0.23516491929522787
0,3,1,56.07873615784595,0,0,20.59100667784898,False,True,1.8906317860153803,-0.3556752031997903
0,3,1,30.27907775961301,2,0,54.18009700913163,False,True,0.08101532843367847,0.6827178915259224
0,3,1,26.249818563467418,1,1,18.10407446087066,False,True,-0.20160134968896218,-0.4325577033119207
1,1,0,33.60084898799423,1,0,50.929677716577906,False,True,0.31400802122110544,0.5822324983502826
0,2,1,33.232737181899054,0,1,28.956574024304594,False,False,0.2881882536777652,-0.097057084032325
0,2,0,49.807991958901724,1,2,69.65739808335584,True,False,1.4507948808697029,1.1611923724349018
0,3,1,25.641840250592686,1,0,29.66752320897052,False,False,-0.24424561822339463,-0.07507837854263154
1,3,0,13.501450760290599,0,1,31.817688408877753,False,True,-1.09578590933854,-0.008606894079004945
1,1,1,15.02462415593513,1,1,17.287204974375776,False,True,-0.9889488496394188,-0.45781089194258867
1,1,1,35.1603232195173,4,0,4.987184202184047,False,True,0.4233912615330008,-0.8380610418828355
0,3,1,41.442938703736885,0,0,3.1433531299598285,False,True,0.8640608317037469,-0.8950623311215377
0,1,0,20.283820440715694,0,0,0.5379867212866136,False,True,-0.6200630293820741,-0.9756061762008124
1,3,0,40.895374440141694,1,0,66.16908387530454,False,False,0.8256540711299972,1.053352554501501
0,3,1,45.81789052841354,0,0,8.633897471196018,False,True,1.1709247715613467,-0.7253243812695541
1,3,1,20.42341435206007,0,0,12.341957657903526,False,True,-0.6102717586819827,-0.6106912055947016
0,2,1,15.164156991714526,3,0,22.569927563399013,False,True,-0.979161862846728,-0.29449766721127174
0,3,0,13.723998630161542,0,0,5.675111285301405,False,True,-1.0801761566161632,-0.8167940553184933
0,2,1,7.73111752714307,0,0,61.046995817337276,False,True,-1.5005234381559602,0.895005281100747
0,3,1,47.3573530419424,0,0,63.79375035151193,False,True,1.278904367930837,0.9799200826944401
0,3,1,17.107605075843843,0,0,16.70974130473816,False,True,-0.8428462735776501,-0.4756629469131936
1,3,1,19.764510131038616,0,0,45.98411081097567,False,True,-0.6564880265071467,0.42934230472992835
1,3,1,27.502445902355294,1,0,4.970887520714281,False,True,-0.1137406884089071,-0.8385648471761091
0,3,0,19.497009031285586,0,2,0.27700355235372603,False,True,-0.6752508482880523,-0.9836743649426537
0,3,1,43.21370644691384,0,0,0.6456028121792307,False,True,0.9882644316563455,-0.9722792684292079
0,3,0,27.331848294383473,1,2,0.23971612773516174,False,True,-0.12570659254006503,-0.984827090540821
1,3,1,37.54532307064325,0,0,17.579841271444742,False,True,0.5906777780949033,-0.4487641595915339
1,1,0,27.47447795514008,0,0,40.514878196664036,False,True,-0.1157023910324152,0.2602631982659876
0,1,1,12.510795872871046,0,0,8.489382506885157,False,True,-1.165271534318015,-0.72979200273667
1,1,1,51.74491894098779,0,0,28.408933693935317,False,True,1.586653072858674,-0.11398716257390273
1,2,0,22.52567628638019,1,0,7.574039967857912,False,True,-0.462816791031954,-0.7580894458189368
1,3,0,25.43315935899343,0,3,8.64419091109121,False,False,-0.25888272581574573,-0.7250061637530117
0,3,1,22.347403574909166,0,0,56.69125027211568,False,False,-0.4753210353764363,0.7603491754446795
0,3,1,5.507452497289805,0,1,17.190948468547845,False,True,-1.6564937526484569,-0.4607866227524541
1,3,0,10.439433203756764,2,0,9.561952282009264,False,True,-1.3105591934719165,-0.6966339434645761
1,1,1,30.823368921689834,0,0,64.55978958634067,False,True,0.11919251006170932,1.003601874725417
1,2,1,51.64717063246529,0,0,35.40632900396116,False,True,1.5797968988321527,0.10233447338983788
1,3,1,20.806268218484895,0,0,19.019587614874013,False,True,-0.5834179667891954,-0.40425498573691526
1,3,0,20.380019107245907,0,0,21.415543739011614,False,True,-0.6133155489517746,-0.33018497461032154
0,3,1,54.37205552110065,0,1,7.311306910528009,False,False,1.770923326297873,-0.7662117316503414
0,2,1,13.630266803668189,0,3,31.54073143575142,False,True,-1.0867506101691289,-0.01716890649416926
0,1,1,4.361930271921551,0,0,21.289903431601914,False,True,-1.7368419432932596,-0.3340690937200297
0,3,1,11.053655781135017,3,0,51.6331776227091,False,False,-1.267476945347342,0.6039809124175272
0,2,1,30.96988417482704,0,1,19.196601179213975,False,True,0.12946925129879475,-0.39878268324016636
1,3,0,28.49092800852275,0,0,28.23866574851265,False,True,-0.044407464699706044,-0.11925092699968028
0,1,0,32.39254255124536,0,0,21.695892139925267,False,True,0.22925607683518978,-0.3215181175815972
0,3,1,17.915444624682735,0,0,19.952070832511588,False,False,-0.7861835178116915,-0.37542764553232877
0,2,0,47.792474094105124,0,0,78.82395789210241,False,True,1.3094242378019767,1.4445728484738076
1,3,1,46.953715259996926,0,1,13.074565604479869,False,True,1.2505927693105878,-0.5880429282712292
0,1,1,44.39829823788602,2,1,97.34623210289548,True,False,1.0713530046665314,2.017181438030964
0,3,1,6.862797693221154,0,0,24.36942152094328,False,True,-1.5614283477348145,-0.23886704187771396
0,2,0,43.12790447827351,0,0,31.949920166568205,False,True,0.982246187067685,-0.004519002959151407
0,3,1,39.20622069946786,1,0,25.054130501585316,False,True,0.7071749672082794,-0.21769954164525915
1,1,1,7.420407583315143,0,0,4.433612355764415,False,True,-1.522316975853491,-0.8551744908356745
1,3,0,33.71350501521668,1,0,3.3411904420502534,False,False,0.3219098390576346,-0.8889462709148559
0,3,0,53.83259792280721,1,0,31.212422407851232,False,True,1.7330851761576305,-0.027318446840314443
0,3,1,40.20849593946675,1,0,18.949433862916653,False,True,0.7774756565171295,-0.40642376050524465
1,1,0,17.163796954464626,0,0,48.16032652079016,False,False,-0.8389049133175636,0.4966191301341692
0,1,1,30.334806559351392,2,0,5.753727955834671,False,False,0.08492420783088625,-0.8143636528572501
0,1,1,25.990303514905168,0,1,16.685933679336568,False,True,-0.2198040210429568,-0.47639894998963905
1,3,0,6.158449048664568,0,0,39.65855838046114,True,False,-1.6108321374823664,0.2337904187041743
1,3,1,28.108342194665934,0,2,17.371938432775583,False,True,-0.07124245509012164,-0.4551913914670833
1,3,1,36.91353623093204,0,0,23.305673043539738,False,True,0.5463635532638007,-0.2717523943110929
0,2,0,24.11194175088437,0,2,2.8150875617261137,False,True,-0.351554384129045,-0.9052105279297328
0,3,0,17.166329471744376,0,0,35.13070416975301,False,True,-0.838727279766072,0.09381364350865141
0,2,1,27.656545242974513,1,0,10.75321685608816,True,False,-0.1029319909221944,-0.6598064826576715
0,3,1,23.334413712367187,0,0,6.1475617873826645,False,True,-0.4060910571738432,-0.8021884398010056
1,1,0,54.02321248953279,0,0,33.41472761383009,False,True,1.7464550918238408,0.04076492474885612
0,3,1,29.929209389621672,1,0,40.457409142937536,False,False,0.056475175593245004,0.25848656579510343
0,3,0,28.442041617040307,2,0,47.99304910146518,False,True,-0.047836410045140235,0.4914478166089315
0,2,1,52.43947650433495,0,0,35.810544231204176,False,False,1.6353701053856222,0.1148306230804777
0,3,1,48.41033777182272,0,2,30.50280594763203,False,True,1.3527618767149125,-0.0492559516946528
0,1,1,41.40919949737274,0,0,71.35926318762442,False,True,0.8616943266066683,1.213804841394244
0,3,0,34.90815421328516,1,1,12.859002289872612,False,True,0.40570384967947926,-0.5947069806512334
0,2,1,37.93515527458941,0,0,9.132842075700758,False,True,0.6180210382678613,-0.7098997113288547
0,2,1,17.077501965208512,1,0,15.78548674050419,False,True,-0.8449577389152619,-0.5042359016375862
1,2,1,54.42270513450193,0,0,42.20982742373719,True,False,1.7744759459708292,0.31266186568879295
1,3,0,25.338351972854532,0,0,36.93793679819823,False,True,-0.2655326203069457,0.1496835067122035
0,2,0,53.117163874211656,0,0,7.627529205892321,True,False,1.682903843960554,-0.7564358477348785
0,1,0,35.61421334444216,1,0,10.569272846351192,True,False,0.4552276148412329,-0.6654930370609963
0,1,1,36.26170582721252,2,0,16.945446745696128,False,True,0.5006434507757868,-0.46837620887217896
0,1,0,9.393916375203869,0,0,8.543922144031336,False,False,-1.3838928954312235,-0.7281059319903987
0,3,0,32.69823430759904,0,1,0.6351085020374665,False,False,0.2506976333358973,-0.9726036957678955
1,3,0,31.93788196243395,0,0,13.372724910757409,False,True,0.19736568234131252,-0.5788254543321252
0,3,1,54.52308933934694,0,0,13.224182246955804,True,False,1.7815170046687698,-0.5834175904942674
0,1,1,27.01690952141834,0,0,0.22774653459150515,False,True,-0.14779674497120435,-0.9851971256547363
1,3,1,20.716442712185575,0,0,36.48697571967133,False,True,-0.5897184267410602,0.135742228001947
0,3,1,31.930562783134725,0,0,55.85555710956295,False,True,0.19685230704341428,0.7345140605086833
1,3,1,40.81377683761814,0,0,5.073172304001757,False,True,0.8199307254117476,-0.83540275461529
1,3,0,4.791985610780216,0,2,5.5666004119909,False,False,-1.7066773881329937,-0.8201486249253797
0,3,0,33.830595330611054,0,2,49.953416169555574,False,True,0.3301226827507743,0.5520517688611574
0,3,1,41.4500027252765,3,0,30.65184545135761,False,True,0.8645563099553376,-0.04464845592791412
1,1,0,25.790196433195515,0,0,1.4687339585597015,True,False,-0.23383975216586333,-0.9468325031246084
0,1,1,45.75098911138831,0,0,31.1778942747799,False,True,1.166232232481345,-0.02838587006021782
1,3,0,60.75005521841062,4,0,14.720446127907623,False,True,2.218283250237554,-0.5371611999060163
0,3,1,18.81625798507238,0,0,46.99228495389747,False,True,-0.7229994764957712,0.4605095991688614
0,1,1,6.27718645648747,0,0,94.09129989703865,False,True,-1.602503764912068,1.916556529972223
0,3,0,0.18480277914084198,0,0,16.692967988428737,False,True,-2.029830266614265,-0.4761814871790826
1,2,1,37.505698324755436,0,0,47.28610447232169,False,True,0.587898454772894,0.4695929103278777
0,1,1,32.37159475218949,1,0,21.165141837217238,False,True,0.22778677513605478,-0.33792604777321406
1,1,0,3.9841871577306094,0,0,76.26799634804871,False,True,-1.763337261395026,1.3655563347322017
0,3,1,19.689393920989197,0,0,2.9272329031944424,False,True,-0.6617567602182063,-0.9017436002148754
0,2,1,29.759348611294115,0,0,88.21153151555103,False,True,0.044560953504930945,1.7347858768909437
0,3,0,41.20095581849992,0,0,55.872967108761024,False,True,0.847087885596526,0.7350522835676633
0,2,0,29.460231621409427,1,0,50.1410817459889,False,True,0.02358055836626105,0.5578533739884208
0,3,1,33.35487496922653,1,0,7.17706800875849,False,True,0.29675513261192776,-0.7703616728147561
1,1,1,24.24608047587503,1,0,52.33175149766073,False,True,-0.34214574620852317,0.625577040230193
0,1,1,55.06375093664374,1,1,60.73616878526075,False,False,1.8194396046252763,0.8853961895600405
1,3,1,19.561045849365648,1,0,97.34359358439495,False,False,-0.6707592353333326,2.0170998693024202
0,3,0,22.56080792709406,0,0,1.6366749089870554,False,False,-0.4603526190558621,-0.9416406768046494
1,2,0,37.5692137706625,0,1,5.197189577939029,False,True,0.5923534981091243,-0.8315688109266385
0,3,1,14.636533048090232,0,0,24.681093473434604,False,True,-1.0161699874140702,-0.22923182996531347
0,3,1,31.66791956294598,0,0,27.44103963500623,False,True,0.17843022228595243,-0.14390921456475303
1,3,0,32.09119707968508,0,0,33.15393116034543,False,True,0.20811937353718973,0.03270250823931429
1,1,1,19.63180942436599,0,0,0.5476721525118201,False,True,-0.6657958002389087,-0.975306755025529
1,1,1,15.086698468307247,0,1,1.459606879452306,False,True,-0.984594888996694,-0.9471146630707892
1,2,1,13.502424934304681,0,0,4.940468903139049,False,True,-1.0957175797001697,-0.8395052263923872
0,3,0,31.14428346956089,3,0,0.4516367406449389,False,True,0.14170180992688225,-0.9782756508053242
0,1,1,5.633544010568087,0,0,26.774101136659514,False,True,-1.6476495550211971,-0.1645273475495864
1,3,0,-1.399639186978451,0,1,86.14976190226345,False,True,-2.1409647713319306,1.6710471061103844
1,3,1,37.4260828615536,0,0,35.08659562008302,False,True,0.5823141384899353,0.0924500455980218
1,3,1,44.91006416757197,0,0,55.34951072584008,False,True,1.107248830669124,0.7188698419458674
0,3,0,22.931354778958326,0,0,0.42784599664975,False,True,-0.4343620547201502,-0.9790111319999424
0,1,1,20.012975544582325,0,0,24.989423943039988,False,True,-0.6390603887241854,-0.219699918640118
1,2,0,44.28026077663112,0,0,19.69206930609668,False,True,1.0630737271194823,-0.38346548719414775
1,1,1,9.931096941543203,0,0,2.3985055412355134,False,True,-1.3462144588203226,-0.9180889920142885
1,2,0,39.96072814377307,0,0,36.90853568747683,False,False,0.7600969504185736,0.14877458330733428
0,1,1,29.831053704428456,0,0,22.38748294137003,False,False,0.049590427718326696,-0.3001378686521633
1,1,1,45.140712719708446,1,0,46.36170781400896,False,True,1.1234267741682578,0.4410155628227121
1,2,1,-1.3338552422806984,0,0,21.252892019229737,False,True,-2.1363506129918397,-0.33521328651162546
0,1,1,9.390227128780836,0,1,5.177334630258911,False,True,-1.3841516632389264,-0.8321826185756052
1,3,1,29.907814867740267,1,2,33.43533930006795,False,False,0.05497454026307593,0.041402126663196655
1,3,0,41.98145777149715,0,1,65.88199366534113,True,False,0.9018331522786298,1.0444772771823139
1,1,0,32.08749975269925,1,0,5.472966559522138,False,True,0.20786003894991179,-0.8230432774711075
0,3,0,52.768121121115506,0,0,23.378229606884148,False,True,1.6584216007985406,-0.2695093376039663
1,3,1,13.70615989567778,1,0,2.422149584299712,False,True,-1.0814273851016714,-0.9173580460194102
0,3,0,15.376771898473711,0,0,9.342604920155567,False,True,-0.964248819097863,-0.7034149781293659
1,1,1,37.454288914172636,0,0,52.098490256785844,False,True,0.584292542088733,0.6183658636427148
1,3,1,14.663245243877387,0,0,54.48868645421403,False,True,-1.0142963645788976,0.6922578089728791
1,3,1,31.325521728955497,0,0,22.3005840120072,False,True,0.15441406106918446,-0.3028243137835869
0,3,1,25.625215114562007,2,2,44.80941845408051,False,True,-0.24541172357666213,0.3930271672910624
0,2,1,35.86200868558941,0,0,4.547390150103865,False,True,0.47260825300824216,-0.8516570965028732
1,3,0,18.394983933319708,0,0,25.333653347866587,False,True,-0.7525481025061054,-0.20905820630292554
1,3,1,31.233367451943117,1,0,2.9994195550806566,False,True,0.1479502585744364,-0.8995119791703423
0,3,0,9.144452954320805,0,0,61.41638325182473,False,True,-1.4013905345482416,0.9064247437139691
0,3,0,38.39795984761685,0,0,62.04829978465167,False,True,0.6504826607849986,0.9259601868491879
0,3,1,27.581741087790647,0,0,3.3444427268723675,False,True,-0.10817883676126533,-0.8888457278495911
0,3,0,21.10256527080368,1,0,3.0433015121433655,False,True,-0.5626353651774724,-0.8981553862781994
1,1,0,19.57191246200644,0,0,66.48229731792577,False,True,-0.669997039153468,1.0630354209556203
0,1,0,31.331985367619314,2,0,4.416046904269108,False,True,0.15486742780456364,-0.8557175196393298
0,1,1,-0.635554829565752,0,0,3.41300761506355,False,True,-2.087371052887602,-0.8867260721597181
1,3,0,50.18609382316343,0,2,31.228026182800992,False,True,1.477315362096585,-0.02683606247087546
0,1,0,49.15466106265889,3,0,14.085153922440735,False,True,1.404969532183357,-0.5568010005908088
0,2,0,45.44593709668056,0,0,8.517410466192942,False,True,1.1448355481643386,-0.7289255297504292
1,1,1,45.00067334430012,0,1,32.62196995768987,False,True,1.1136042581280559,0.016257143567289713
0,3,0,29.706459665719404,0,0,8.600705454871559,True,False,0.040851264606775003,-0.72635049898252
1,3,1,10.891054982669292,0,1,40.01844325688544,False,False,-1.2788819444515027,0.2449161135916947
0,3,1,26.202149538688403,4,2,4.338966870138956,False,True,-0.2049449075929259,-0.8581004176098483
0,3,1,37.658743235374864,0,0,64.45986645276278,False,True,0.5986331933779993,1.0005127916068426
1,1,1,61.87841844344578,0,0,28.81140783497509,False,True,2.297427889698883,-0.1015448378565783
0,3,1,33.35163288404247,0,0,4.350281463025385,False,False,0.2965277291860611,-0.857750631563039
0,3,1,16.40517197008085,0,0,17.85010099280056,False,True,-0.8921157053243123,-0.44040918999662915
1,1,1,18.253042276505678,0,1,38.56425941669674,True,False,-0.7625040466594076,0.19996061038453175
1,1,1,18.01202039812783,0,0,3.5783015599389323,False,True,-0.7794095866870104,-0.8816160769420531
0,1,0,22.84365437593017,0,0,22.576092943874045,False,True,-0.4405134575878396,-0.29430706697624043
0,3,0,32.26294450287972,1,0,23.057763298899946,False,True,0.22016592697456214,-0.27941642344704787
0,3,0,-9.229426683203638,2,0,96.04263671182298,False,False,-2.690154690587101,1.9768813156086174
1,3,1,33.463816641463204,0,0,24.55042012891143,False,True,0.30439642149850704,-0.23327154337461664
0,2,0,29.037346649096698,2,0,16.03807007535881,False,True,-0.006081059386534925,-0.49642739035701855
0,2,1,59.11511940191316,0,0,21.73472557797851,False,True,2.1036070512369416,-0.3203175976055802
0,3,1,43.597909650268946,0,3,20.43117994359137,False,True,1.0152128675276757,-0.36061618182019367
0,1,0,13.802163950804678,0,0,21.566638892448967,False,False,-1.0746935549295589,-0.3255139292670736
0,3,1,41.85443475378153,0,0,60.02922007823657,False,True,0.8929236179041122,0.8635411572129603
0,3,1,47.745222102305334,0,0,57.07018860680029,False,True,1.3061099310505246,0.7720639002610552
1,2,0,31.614303377954577,0,1,16.534705736030826,False,True,0.17466952401407798,-0.4810741004777725
0,3,1,34.606026670363065,0,0,21.66822900728568,False,False,0.3845122910347342,-0.32237331209946346
0,3,0,26.99039084566921,0,0,8.712043355998025,False,False,-0.1496567940977535,-0.7229085329581141
0,2,1,26.235763791231584,0,0,50.54915515512321,False,True,-0.2025871668944826,0.5704687978063027
0,3,1,34.53905402164716,0,1,13.009088057647384,False,True,0.3798147556854895,-0.5900671400560631
1,3,0,25.384641049307923,1,0,3.61498439637816,False,True,-0.26228585349851186,-0.8804820419420647
0,1,0,28.393191255630335,0,0,8.733391143301171,False,True,-0.05126282820160521,-0.7222485747781031
1,3,0,44.539090933597315,0,2,95.40665829006419,False,False,1.0812283594225427,1.9572203008256763
0,3,0,27.023522382942925,1,0,11.647580095287172,False,True,-0.1473329115800066,-0.6321576061146874
1,3,1,19.576164770171665,0,1,5.9185974907538865,False,True,-0.6696987775749725,-0.809266778101124
0,1,1,25.702318202647437,0,0,19.75785045400815,False,True,-0.24000362805167172,-0.38143188970518016
0,3,1,36.894391131170075,1,0,1.1453509583755739,False,True,0.5450206948787584,-0.9568297573232475
0,1,1,30.341885613562148,0,2,12.48955296735377,False,True,0.08542074049058901,-0.6061283565078271
1,1,0,32.477319841950035,0,0,25.13602266361359,False,True,0.23520244938479185,-0.2151678786938775
0,3,1,21.58373413286551,0,0,25.6742472267841,False,True,-0.5288856511997639,-0.19852888477365488
1,1,0,26.887733693581524,0,2,14.109594231635414,False,True,-0.15685727981887723,-0.5560454383516886
1,3,1,20.0820873342695,0,0,18.974237025364356,False,True,-0.6342128116710178,-0.40565698080507906
1,2,1,49.21958482258606,0,0,15.160584646109152,False,True,1.409523356216172,-0.5235544962556462
0,3,1,14.070858735030745,2,1,9.558776345338583,True,False,-1.0558470068049077,-0.696732126257727
1,2,0,19.71359383686773,1,2,8.928293856328857,False,True,-0.6600593514630235,-0.7162232365103749
0,3,1,11.512666487431598,0,0,19.585762493343406,False,True,-1.2352814288215346,-0.3867519191634735
0,2,1,8.371823020779825,1,1,45.60380708463243,False,True,-1.455583649114897,0.41758536938460006
1,3,1,26.991807244168275,0,0,7.381021967072288,False,True,-0.14955744634690982,-0.7640565189726534
1,1,1,20.744666863888593,0,0,39.53440476725994,False,False,-0.5877387536525761,0.22995226014251477
0,2,1,55.24448949648679,0,0,0.6840539293481905,False,True,1.8321168062906286,-0.9710905677481552
1,3,0,25.598725080421996,1,0,17.37245351914719,True,False,-0.24726976374919976,-0.4551754677809641
0,2,0,48.39625451973535,1,0,47.856224672065636,False,False,1.351774061901236,0.4872179449072274
0,3,1,43.73609388663918,0,3,13.235120652011583,False,True,1.0249052620723673,-0.5830794341415588
0,3,1,60.296965940241535,0,0,7.34038535799763,False,True,2.18650306920288,-0.7653127832489411
0,1,1,33.59374280373973,1,3,43.35289057177699,False,True,0.31350958563025133,0.34799919897330045
0,3,1,51.63863435705784,3,0,1.718247449785942,False,True,1.5791981550726295,-0.939118894813849
1,3,1,49.950654927928326,0,1,61.254920409755954,False,True,1.4608014186560982,0.9014331854846335
1,1,1,35.71239578401935,1,0,7.068530302443028,False,True,0.4621142392981121,-0.7737170719531
0,3,1,13.10820924482023,0,2,41.04307501890291,False,False,-1.1233683023770575,0.27659218864528645
1,2,1,30.530710139568736,0,0,12.304763562360469,False,True,0.09866510072909469,-0.6118410459623792
1,3,0,45.276584892197576,2,0,75.6326806466225,False,False,1.1329569980056613,1.3459158076793631
0,2,1,51.82970160174409,0,0,4.332932663195593,False,True,1.5925998220696125,-0.8582869626683877
1,2,1,19.25072475843673,0,0,6.292717791636227,False,True,-0.6925254984602173,-0.7977010008442412
1,3,1,37.36805387628878,1,0,21.73771825969525,False,True,0.5782439215463197,-0.32022508006495237
1,3,1,31.88761809252425,2,0,2.735706583640279,False,True,0.19384011914174057,-0.9076645586487527
1,1,1,27.990826063566864,0,0,6.980203654833433,False,True,-0.07948516596581177,-0.7764476544146518
0,1,1,34.86203812376288,3,0,92.1036966285029,False,True,0.40246921636493344,1.8551105816376356
0,3,1,41.069850067538155,0,0,25.18632339394459,False,False,0.8378919838151184,-0.2136128520313446
0,3,1,34.203573253654184,0,0,10.059456658557597,False,True,0.3562837650967219,-0.6812537975866011
0,1,1,15.376455126653248,1,0,35.67753912348639,False,True,-0.9642710378222648,0.11071882415841014
0,2,1,43.23187050057669,0,0,1.7096267228484203,False,True,0.9895384783874038,-0.9393854010882122
1,3,1,15.083195581876751,0,0,0.12563430064457234,False,True,-0.9848405853092506,-0.9883538839227254
0,1,1,19.73292747468485,1,0,51.867888428269886,False,True,-0.6587032688111237,0.6112369017089324
0,1,1,42.03439118284264,1,0,49.445233847964374,False,False,0.905545960054926,0.5363415186460593
0,3,1,9.800568295658618,0,0,11.41666500009722,False,True,-1.3553698818159534,-0.6392962525605502
1,2,0,30.150151017554172,1,0,5.2482377680340635,False,False,0.07197226473683345,-0.8299906768488733
1,1,0,22.74961550910765,1,0,15.089881375130926,False,True,-0.44710944728768875,-0.5257402591814714
1,1,0,46.460333720794154,0,3,45.179480038946494,False,True,1.2159864447063256,0.4044674709896181
0,3,1,23.596386157461872,1,0,24.82540218053569,False,True,-0.38771602132031696,-0.22477058485612386
1,3,1,45.77089645623868,0,0,2.580804935475827,False,True,1.1676285555764778,-0.9124532802315399
1,1,1,38.35335030528716,0,2,0.5821923761716045,False,True,0.6473536983499559,-0.9742395763218733
0,3,0,28.93399393366585,0,1,32.46277835239092,False,True,-0.01333033268668958,0.011335799700862386
1,3,1,9.080905388840769,0,0,51.79549891461493,False,True,-1.4058478307866988,0.6089990092751546
0,3,0,17.84768699484343,0,0,14.364600063396956,False,True,-0.7909361126015642,-0.5481620365624666
1,1,0,20.861266481878246,0,2,3.671619056054913,True,False,-0.5795603280158914,-0.8787312044245714
0,1,0,15.006920383832973,0,0,66.7818788973613,False,True,-0.9901906117148241,1.0722968638921426
0,2,1,39.86720172802041,1,0,48.91506107065121,False,False,0.7535369046012139,0.5199514424176234
0,3,1,7.5740190777973595,0,1,5.890073358847961,False,False,-1.5115424964321749,-0.8101485900618538
1,1,1,38.65918460673623,0,0,22.975166659083673,False,False,0.6688052531206639,-0.2819698650433178
0,3,1,44.84545280053018,0,0,21.38273025835387,False,True,1.102716918217381,-0.3311993900467879
1,3,1,37.48908720057353,0,0,31.394349546120914,False,False,0.5867333322261331,-0.02169424319980955
0,1,1,40.03311301577322,0,0,93.5116235318772,False,False,0.7651741050703726,1.8986360704175695
1,3,0,40.713423808881615,0,1,27.742608942098236,False,True,0.812891853440395,-0.13458632183449315
0,2,1,15.933347262476419,0,0,24.864039045143784,False,True,-0.9252100100160804,-0.22357614186837996
0,3,1,50.50365720513299,0,1,1.652265010609812,False,True,1.4995896074942208,-0.941158715140565
1,1,1,23.02889431506427,0,0,2.0791442146329224,False,True,-0.4275205242208824,-0.9279619178064384
0,3,1,28.737379544945405,0,0,6.638426177069567,False,True,-0.027121082476239185,-0.7870135664218679
0,3,1,24.876758883911094,0,3,1.0563086206972583,False,True,-0.29790926799601863,-0.9595824650527952
0,3,1,36.827360752720985,0,0,43.5217047108379,False,True,0.5403191103024405,0.3532180195654634
1,3,0,21.898459974507375,0,0,41.117789360004394,False,True,-0.5068104340061758,0.27890195217599173
0,3,1,46.58764552327278,0,0,5.381295055300713,False,False,1.2249162347622087,-0.8258772648172308
0,1,0,25.462233452424343,0,0,9.162203762764083,False,True,-0.25684343687828237,-0.708992006690374
0,3,0,22.89733906462575,0,0,14.902535762725975,False,True,-0.4367479543906994,-0.531531972750662
0,3,1,39.0471095716066,0,1,9.405434926853589,False,True,0.6960147374440802,-0.701472613973227
0,3,1,19.444245980778554,0,0,21.481269088717305,False,False,-0.6789517067674916,-0.3281531021002387
0,1,1,31.51779707859495,1,0,16.74396619362878,True,False,0.16790046587827526,-0.47460489836405867
0,2,0,17.93677177251071,2,0,1.8416351023356996,True,False,-0.7846876081718404,-0.9353044156148467
0,3,1,35.04471202224294,0,2,4.907603079423076,False,True,0.4152821648140016,-0.8405212599932542
1,1,0,34.278016370564636,0,0,1.7367152814436917,False,True,0.36150528731362297,-0.9385479692937224
0,3,0,28.288616129391098,0,3,31.458398698986503,False,True,-0.058597842742308115,-0.019714189634717365
1,3,1,22.395051030492915,0,0,1.793638499492857,False,False,-0.47197899035958624,-0.9367882111112638
1,1,0,47.31455732496858,0,0,57.93836089004735,False,True,1.275902629204128,0.798903094030956
1,3,1,21.03525478137899,0,2,22.95405197556432,False,True,-0.5673565970461526,-0.28262261691446317
0,2,1,3.425435933620509,0,0,23.957632327770224,False,False,-1.8025286877013842,-0.2515973376510216
1,3,1,38.98773707864999,2,0,26.387552492737672,False,True,0.6918502853911304,-0.17647734198722084
0,3,1,39.73227660039876,0,0,7.048338877982612,False,False,0.7440731075339563,-0.7743412816451632
0,3,1,49.05609709372994,0,0,12.28559233452266,False,True,1.3980561468375023,-0.6124337166899235
1,3,1,38.83137323678078,0,0,28.805201051735217,False,True,0.6808827532924644,-0.1017367180412804
0,2,1,45.23546387736862,0,0,7.547885699319705,False,True,1.1300727247320264,-0.7588979944155144
0,2,1,58.990712050479885,0,0,3.9575533986904308,False,True,2.094880982576543,-0.8698916602746921
0,3,1,34.49331419306882,0,0,0.711264475392053,False,True,0.3766065137279913,-0.9702493647612036
0,3,1,53.39224866109289,0,1,51.93653488587473,False,True,1.7021985939098299,0.613359079084122
0,2,0,55.347190857261594,1,0,11.286496165679106,False,False,1.839320392857761,-0.6433203692447219
0,1,0,10.06673380177314,0,0,5.036458873141007,False,True,-1.336700740043968,-0.8365377354294024
1,3,1,21.678713340194143,0,0,38.25433498683643,False,True,-0.52222370498106,0.19037942242499883
0,1,0,39.90280342900104,0,1,32.94329223164758,False,False,0.756034047122173,0.026190691251029876
0,2,1,32.00780470731553,0,0,48.853971316762966,False,True,0.20227014068505791,0.5180628774707791
1,2,1,26.706025714935716,0,1,88.71320083166722,False,True,-0.16960247758683988,1.7502947801852276
1,3,1,8.373326315737625,0,0,5.421660649461499,False,False,-1.455478206350724,-0.824629378857008
0,2,0,31.74695483102735,0,0,8.927260641559037,False,False,0.1839738430440949,-0.7162551779256311
0,1,0,37.665076846094315,0,0,7.515018689774148,False,True,0.5990774398101388,-0.7599140646758217
0,2,0,39.73124241658906,0,1,2.409169478287235,False,True,0.7440005687424222,-0.9177593207285263
0,1,1,52.86190545431146,0,2,38.87892889385487,False,True,1.6649997372294614,0.20968848955539562
0,1,1,28.740922369331827,0,0,16.48144338420035,False,True,-0.026872584871463545,-0.4827206844669229
0,3,1,20.23017091042012,0,0,80.83934164808079,False,True,-0.6238260665303119,1.5068776193023663
0,3,1,46.947968118643104,2,2,33.617637271592386,False,False,1.2501896584857315,0.04703779446326145
0,3,1,46.68124914999194,0,2,3.0326784208164725,False,False,1.2314816962418043,-0.8984837948349566
0,3,0,37.79522928395905,1,0,94.52022513743994,False,True,0.6082064751608759,1.9298165796905522
0,2,0,27.3746204915545,0,0,9.57303510858227,False,False,-0.12270650351823059,-0.6962913223792789
0,3,1,29.720004939615784,0,0,13.16162683255049,False,False,0.04180134503756938,-0.5853514657411267
1,3,1,11.186792194099244,0,2,16.467203016486618,False,True,-1.25813861069637,-0.4831609196550287
0,3,1,45.83772468800444,0,0,1.6826514744101042,False,True,1.1723159613617689,-0.940219329945189
1,1,1,45.32594398817258,0,0,21.95847031499147,False,True,1.1364190993648733,-0.31340061987251255
1,2,0,10.680600118231634,1,0,4.211568393260375,False,True,-1.2936434804527157,-0.8620388898150955
0,2,1,42.280665216638965,0,0,16.39821260834473,False,True,0.9228198920486685,-0.48529373012147137
1,2,1,35.55947399763062,0,0,13.82001581647857,False,True,0.4513881367621655,-0.5649976375245384
0,3,1,12.212997084449192,2,0,52.01335892237401,False,True,-1.1861594693541233,0.6157340629917843
0,3,1,35.115652406324976,0,0,5.329349364141736,False,False,0.4202580014921652,-0.8274831447761174
1,3,1,23.93329034834969,0,0,14.610434668794884,False,True,-0.3640851902818486,-0.5405621595139333
1,3,1,56.08925833297022,0,0,14.955908872678968,False,False,1.8913698229684484,-0.5298819647191075
0,1,0,37.28464555803472,0,0,39.30759204335979,True,False,0.5723935702322841,0.22294043684003909
0,1,1,48.99757411532393,1,0,6.758159473255673,False,True,1.3939512806708454,-0.7833120601666477
0,1,1,41.974512330046394,1,0,14.619060172653752,False,True,0.9013459913650841,-0.5402955055629854
0,3,1,36.94661335819232,0,0,3.5786059067450364,False,False,0.5486836194032746,-0.8816066681840682
0,3,0,15.486212943686105,0,2,31.661342320412878,False,True,-0.9565725036407229,-0.013440269947422
1,2,1,37.5125733021543,0,0,27.65079011360271,False,True,0.5883806732602265,-0.1374248636507555
0,1,1,31.891101340629707,1,1,77.53494192188803,False,True,0.19408443800054792,1.4047234429299136
0,2,1,4.483548348985707,0,0,6.136453826103593,False,False,-1.728311517409411,-0.8025318379155394
0,2,1,45.837132177023506,1,0,15.230291930568821,False,True,1.1722744019889333,-0.5213995238487993
0,2,1,17.992186678690587,1,2,59.27784341715156,False,True,-0.7808007456145702,0.840312652698145
0,2,1,33.48836691991254,1,0,64.5140748113398,False,True,0.3061184050703198,1.0021886210106048
0,3,1,41.28809288862829,0,0,80.74045271023076,False,False,0.8531997756741307,1.5038205079249676
0,2,1,35.9174642791115,0,0,3.18891878001061,False,True,0.476497969420511,-0.893653687544032
1,1,0,32.77224084045143,4,0,45.26057062680571,False,False,0.25588853306608234,0.4069743536008997
0,3,1,16.714436643578146,0,0,29.863161450661345,False,True,-0.8704235404796928,-0.06903030170481274
1,3,1,33.88548199670852,0,0,51.09194058116307,False,False,0.333972493966824,0.5872487889510055
0,1,0,46.991200105956324,0,1,2.882344483669601,False,True,1.253221997694584,-0.9031313074855405
0,3,1,27.958352173435138,2,0,19.944524036085053,False,True,-0.08176292038864151,-0.3756609516808229
0,2,0,27.05489554128995,1,0,6.11626062341521,False,True,-0.14513236369697788,-0.8031561025807985
1,3,1,22.672882921942517,1,0,13.174402359730156,False,False,-0.4524915554700341,-0.5849565155035941
0,3,1,34.67447162942606,4,0,0.583889685066692,False,True,0.3893130958534284,-0.9741871047062717
0,3,1,34.172526570806966,0,0,16.3640177803329,False,True,0.3541061165648524,-0.48635084935073924
0,3,1,20.03887909260635,0,0,25.543495202325104,False,False,-0.6372434853338194,-0.20257103054124
0,1,1,27.123437331855698,0,3,30.927558053654632,False,True,-0.14032476701002378,-0.03612491273188279
1,3,1,20.13576710647112,0,0,34.852110024622995,True,False,-0.6304476533221792,0.08520101858547525
0,3,1,19.47940741967539,0,0,57.90933536171776,True,False,-0.6764854447140248,0.7980057816032914
0,3,0,4.616481439960719,0,1,7.765165629850796,False,True,-1.7189874439867157,-0.752180873550951
1,3,0,26.351801321617447,0,0,4.108193502558886,False,True,-0.1944481667014499,-0.8652346826041749
0,3,1,5.017907641839834,0,0,61.03746137230597,False,True,-1.6908309680283085,0.8947105276023668
0,1,1,22.98917254807709,0,0,5.450532227483566,False,True,-0.430306652709667,-0.8237368257406164
0,3,1,44.95247833035126,0,1,59.15432244863384,False,True,1.1102238067643586,0.8364940520901026
0,2,1,14.983445308510195,0,0,22.23686179243497,False,True,-0.9918371793550368,-0.3047942603386079
0,3,1,24.1678999817222,1,0,3.27840031540632,False,True,-0.34762941218181054,-0.8908874021953089
0,2,0,21.287917053209746,0,0,11.55405508995159,False,True,-0.5496345870002275,-0.6350488936954709
0,1,1,49.5541945626172,0,1,32.53539809422356,False,True,1.4329932519442858,0.013580809545310206
1,3,1,13.190773090780517,1,0,13.785391456963124,True,False,-1.117577183279868,-0.5660680355459058
0,3,1,34.51494611288389,0,0,2.1721147842811552,False,False,0.37812380041071425,-0.9250877703798995
0,2,1,42.477158474109096,1,0,25.510448313161145,False,True,0.9366021455588988,-0.20359266170694212
1,3,1,24.18649743901205,0,0,28.59882245759369,False,True,-0.3463249660429737,-0.10811682851590598
0,1,1,1.8875557926950073,1,0,33.844713627209245,False,True,-1.91039729471354,0.05405776783325841
0,3,1,27.52348878701018,1,0,9.448503046302092,False,True,-0.11226471730112364,-0.7001411805406134
1,3,0,49.304412904620364,0,0,14.510327096898484,False,True,1.4154732913255796,-0.5436569444682661
1,3,0,33.79171740774119,0,2,59.387311329001164,False,True,0.3273957424178465,0.8436968087630329
1,1,1,33.128059004219025,0,0,6.938941108597046,False,True,0.2808460109954971,-0.7777232692842441
0,3,1,14.286239122133548,0,1,56.118402781692005,True,False,-1.04073998921865,0.7426398277808964
0,3,1,12.797761940814361,0,0,26.465084436821055,False,True,-1.1451434182281794,-0.17408047340391586
1,1,1,29.961603905194437,0,0,45.9607288959096,True,False,0.058747362597080584,0.4286194623157215
1,1,1,9.017505626919586,0,1,40.012530061443265,False,True,-1.410294759920737,0.24473330955459935
0,1,1,41.0297522242564,0,0,7.442472913709312,False,True,0.8350794769207958,-0.7621567878985784
0,3,1,17.42362939143775,0,0,26.91880950425239,False,True,-0.8206799799908366,-0.160053747098504
0,3,1,29.34246942939334,0,0,64.73146321542343,False,True,0.015320588506822752,1.008909095291019
1,3,1,2.3563796780634902,0,0,18.106832750719594,False,True,-1.8775134709987147,-0.4324724319007531
0,2,0,12.505022066612057,0,0,19.259922800750033,False,True,-1.1656765154486903,-0.39682512101084216
0,3,1,37.556710295376604,2,0,15.787839904482464,False,True,0.5914764905803783,-0.504163154528281
0,1,1,46.07736704548722,0,2,12.328065579961816,False,True,1.1891247402742917,-0.6111206735458664
0,3,0,39.58451500360517,0,0,64.82231258835924,False,True,0.7337089463800026,1.0117176667821273
0,2,1,23.695243064789587,0,0,68.18369845001392,False,True,-0.3807820889525103,1.1156335464033178
0,2,0,41.38540831394348,0,2,13.794237369094699,False,True,0.8600255867956837,-0.5657945677626648
0,3,1,47.44587137931906,0,2,2.781722417383626,False,True,1.2851131416146597,-0.9062419978251083
0,3,0,12.52677750147567,1,0,11.944250382867514,False,True,-1.1641505652844144,-0.6229861645842565
0,1,1,54.389099081045075,0,0,18.70625820659475,False,True,1.7721187803653318,-0.41394143722228527
0,3,0,28.616209561822586,1,0,21.25140668144866,False,True,-0.03562007855748064,-0.33525920512627067
1,2,0,8.400609776782193,1,0,15.419357080097639,True,False,-1.4535645143411653,-0.5155546514873359
0,1,1,23.545493804434017,0,0,18.733398155029718,False,False,-0.3912856670180512,-0.413102416731759
1,1,1,44.71946595705474,1,0,15.101126259849332,False,True,1.093880062245383,-0.5253926281343839
0,3,1,25.739725890099777,0,0,14.650334092980104,False,False,-0.2373798116503482,-0.5393286850093
1,1,1,44.98925899711227,1,0,23.88592821373012,False,False,1.1128036432437483,-0.2538140412338907
1,2,0,22.070645873561407,2,0,52.9418359372911,False,True,-0.49473312538905784,0.644437553065272
0,1,1,1.2177584275836075,0,0,14.369725251284237,False,True,-1.9573776196636357,-0.5480035934591008
0,2,1,22.57236320032777,0,0,23.771926245199552,True,False,-0.45954211946347184,-0.2573383658208245
0,1,1,34.70170252242113,0,0,35.5478103498691,False,True,0.39122310068209315,0.10670831177528771
0,3,1,33.49828006544904,0,3,10.046181047496244,False,False,0.3068137240172742,-0.6816642077143661
1,1,0,11.500937635778783,0,0,10.402221547918193,False,True,-1.236104103395432,-0.6706573601506345
1,3,0,24.6076550738454,0,0,86.69593034615397,False,True,-0.3167845056435905,1.6879316818788688
1,1,1,68.62777645192907,0,0,41.14142416031703,False,True,2.77083529462401,0.27963261243495696
0,3,0,11.817602018695286,0,3,27.546384393365802,False,True,-1.2138929147815973,-0.14065252411653775
1,3,0,39.28048921972436,0,0,33.3865318248326,False,False,0.7123842430235592,0.039893263375875586
0,3,0,42.224981456260096,0,0,30.803336002052113,False,True,0.9189141717617465,-0.03996518703894204
0,2,1,16.761281842267522,0,0,22.79513888965824,False,True,-0.8671377666450756,-0.28753535046690304
1,2,1,35.53027974394263,0,0,25.251419736404806,False,False,0.449340419651918,-0.21160042502495932
0,3,0,10.972878774361082,0,0,14.252391585666299,False,True,-1.2731427335758525,-0.5516309161092486
1,3,1,33.917365602562256,0,0,2.7195186030488676,False,True,0.3362088452002155,-0.9081650034984907
0,3,0,16.52457071174915,0,0,6.875266013483872,False,True,-0.8837409460696588,-0.7796917590057398
0,3,1,36.10879709272794,1,0,16.81379314793877,False,False,0.48991826371477337,-0.4724462264123597
0,3,0,23.459410592243266,0,1,20.116466466662093,False,True,-0.3973236383391191,-0.37034542122612435
0,1,1,35.21553099913651,0,0,1.732792980307652,False,True,0.4272635960051621,-0.9386692256413914
1,3,1,26.93280087967141,0,1,1.2252808033130438,True,False,-0.15369621774641412,-0.9543587586082788
0,1,0,36.153753834624325,2,0,24.71664990689471,False,True,0.49307157910985333,-0.2281326172562494
1,1,1,15.257278102974276,0,2,8.913809416288343,False,False,-0.9726302455329313,-0.716671017095401
0,3,0,21.981472144018042,1,0,43.69647002458546,False,True,-0.5009878690013478,0.3586208183076497
1,1,0,47.02951810758482,0,0,5.894631311553217,False,True,1.2559096645349062,-0.8100076828039153
0,3,0,31.38450971910997,0,0,6.740495077736025,False,True,0.15855154367207486,-0.7838581477846569
0,2,1,35.52262882162192,0,0,10.792459431124271,False,True,0.44880377553308815,-0.6585933143778862
1,3,0,37.23998659906825,4,0,33.161828318277756,False,True,0.5692611416599075,0.032946645671558146
0,3,1,15.521360594616358,1,0,33.68327682552157,False,True,-0.9541072086904192,0.04906701463173556
1,2,0,19.88597636238833,1,0,17.305094801550965,False,True,-0.6479682512489625,-0.4572578351964448
0,1,1,24.470605275040217,0,0,2.4285923026921443,True,False,-0.3263973294879212,-0.917158871995226
0,3,0,37.51432818458415,0,0,10.231867033760043,False,False,0.5885037626468052,-0.6759238008137336
1,3,0,35.140645878778855,0,0,29.0233805963925,False,False,0.4220110711796209,-0.09499178597113372
1,3,1,39.68891852112863,0,2,0.23632102302161925,True,False,0.7410319240963592,-0.9849320488250627
0,1,0,12.533664947238755,0,0,1.2240315943190427,False,True,-1.1636674722522822,-0.9543973773973096
0,3,0,19.33906837717238,0,0,26.94980692358819,False,True,-0.6863289797343217,-0.15909547446071734
0,3,0,29.303686955461647,1,0,24.887391362476425,False,True,0.012600343067552424,-0.22285421445608936
1,3,0,20.185158654117572,0,1,19.61175098950981,False,True,-0.6269832757669876,-0.3859484953524879
1,1,0,19.073053156955226,0,1,92.82345429047915,False,True,-0.7049875802879304,1.8773615976282647
0,2,0,28.69111597064222,0,1,35.82917692431271,False,True,-0.030366060535767812,0.11540664522544267
0,2,1,42.60481965214795,3,0,2.1472330584409525,False,True,0.9455564412014025,-0.9258569788354575
0,2,1,52.7697799337392,0,0,20.059061520767997,False,True,1.6585379517430976,-0.37212007182938933
1,1,1,26.71635532856982,2,0,8.792297292724914,True,False,-0.16887794710879248,-0.7204275150770153
0,3,1,29.051223878942327,0,0,20.304292344367596,False,True,-0.005107695199820918,-0.3645388604500933
0,3,1,12.097845260717946,1,0,19.450371519024444,False,True,-1.1942363451068225,-0.39093747618316044
1,2,1,57.81829225194226,1,0,27.92385039011579,True,False,2.0126461665227917,-0.12898331602983049
1,2,1,9.385458846736782,1,0,14.120117847605604,False,True,-1.3844861157936124,-0.5557201050352095
0,2,1,46.68910352081798,3,0,5.742407115842277,False,True,1.2320326104628903,-0.8147136320308047
1,3,1,24.402628681319175,0,0,22.41964339557319,False,True,-0.3311652826456408,-0.2991436412634954
0,3,0,21.00918583931537,0,1,56.74083174314638,False,False,-0.569185101356632,0.7618819664978707
1,3,0,13.604948207654061,0,0,34.90177640766453,False,True,-1.0885264843812141,0.08673643465901798
0,3,1,64.64570541640343,1,1,13.217458118595376,True,False,2.4915284460635596,-0.5836254641933959
1,3,1,30.00856633800892,0,0,77.84896047890368,False,True,0.06204135936236263,1.4144311991687626
0,1,1,42.55761921354086,0,0,7.516731602702519,False,True,0.9422457504476707,-0.7598611106678642
1,1,1,29.726766350849584,0,3,43.26783527434692,False,True,0.04227559786899447,0.3453697489748
1,3,1,47.09475214819575,0,0,70.58523813421854,False,True,1.260485251996645,1.1898761710231736
0,3,1,7.179585226151971,0,0,24.164286416171617,False,True,-1.53920852124333,-0.24520871038316758
0,3,1,25.32828822894733,0,0,0.9035507322635556,False,True,-0.2662385023895011,-0.964304913173598
0,2,1,33.31309073985151,1,0,9.063485098901879,False,True,0.2938243407395214,-0.7120438541165482
0,2,0,17.888375499028633,0,0,31.686941218737097,False,True,-0.7880821761008788,-0.012648890395600729
0,1,0,21.77924394717241,1,0,26.072132578585986,False,True,-0.5151723774762349,-0.18622842061315936
0,3,1,47.407917070970925,1,0,43.43244203676907,False,True,1.282450984621619,0.35045850022583114
1,2,0,22.63620867163726,1,1,10.501773192081398,False,False,-0.4550639277820028,-0.667579761476538
0,3,1,50.42219676898995,0,0,26.633609788879944,False,False,1.493875882776985,-0.16887058054471
0,3,1,20.783218646849132,2,0,2.9526806304778197,False,True,-0.5850346891321215,-0.9009568940544258
0,3,0,40.63420596921185,0,0,37.830851074374635,False,True,0.8073354269099455,0.17728758915143703
1,3,1,40.471462453869854,0,0,10.418539405661752,False,False,0.795920417486885,-0.6701529002014512
0,3,1,31.351106304490415,0,0,22.065034252631115,False,True,0.15620859137782608,-0.3101062389916843
1,3,1,20.420118656726988,0,0,12.792861988195094,False,True,-0.6105029223827521,-0.596751681233108
1,1,0,27.289788471702817,1,0,18.58867408045245,False,True,-0.12865671483048638,-0.4175765027578889
1,3,1,51.940896644966536,1,0,62.22598295508914,False,True,1.6003991648791522,0.931453189946667
0,2,1,31.69874532077136,0,0,36.8855972707995,False,True,0.180592374893448,0.1480654514658121
0,2,1,12.231947398992364,1,2,7.281347077112885,False,True,-1.184830273418877,-0.7671379277405174
0,1,1,37.02836196474946,1,1,66.1253020918599,False,True,0.5544175567107661,1.051999058436103
1,1,0,32.53975608165494,0,0,1.9719211482119834,False,True,0.23958179600929044,-0.9312766753860185
1,1,1,39.77780007877924,1,0,70.22788775162535,True,False,0.747266174450273,1.178828828983762
1,3,0,8.497741274497287,2,1,12.771075281370235,False,True,-1.4467516041040736,-0.5974252084319875
0,3,0,12.70222343307325,1,1,12.087508058568392,False,True,-1.1518445943938667,-0.6185574116842203
0,3,0,46.32974838915254,0,1,22.963884775432504,False,False,1.2068270457092594,-0.2823186398973948
1,2,1,34.50445387830044,0,0,90.39937658418923,False,True,0.37738786352015746,1.8024222192031905
1,2,1,37.434312342944644,0,0,1.5667395715279169,False,True,0.5828913633792233,-0.9438026993774145
0,3,1,15.741038034434677,0,1,13.895074853797798,False,True,-0.9386987910936238,-0.562677217850164
1,2,0,15.47568562423068,0,0,62.14150505459521,False,True,-0.9573109014228447,0.928841589940098
1,1,1,44.073250543785285,0,0,16.13668094542928,False,True,1.0485538013722757,-0.49337887533216523
0,3,1,44.75647599409466,1,0,7.106887304003476,False,True,1.0964759870087797,-0.7725312808178856
0,1,1,13.91936743807872,1,0,17.696875415085106,False,True,-1.0664727732361237,-0.44514609654175524
0,3,1,11.149127810133745,0,0,15.585017323736771,False,True,-1.2607804320738698,-0.51043333229206
1,1,0,17.80743525383263,0,0,22.509791667637792,False,True,-0.7937594140521155,-0.2963567440212632
0,1,1,12.956926231823441,2,0,1.9200803396571495,False,True,-1.1339794595422348,-0.9328793129417668
0,3,1,13.816686906366067,0,0,9.733863464296642,False,True,-1.0736748988298943,-0.6913193790380697
1,1,1,34.026681775211415,1,1,18.330432007062544,False,True,0.34387640195822705,-0.4255599516435523
0,3,0,28.89962560283304,0,0,5.461530129767411,False,True,-0.015740965266961393,-0.8233968300552501
0,3,1,36.73074088221591,1,0,94.34186818731781,False,True,0.5335420861614012,1.9243027469675902
1,1,0,5.789015187435059,1,0,46.594192908368555,False,True,-1.6367446354290318,0.44820274515568603
0,1,1,29.843268842531565,0,1,9.995750154288391,False,True,0.050447210959477407,-0.6832232583094074
0,1,1,59.79674436140465,0,0,28.59399436621846,False,False,2.1514169766845876,-0.10826608700118491
0,2,0,24.30204897785881,1,0,40.900949648851565,False,True,-0.3382200538317985,0.2721984405148345
0,1,1,41.65886059529832,0,0,90.71861293293411,False,True,0.8792058310091837,1.812291281355594
0,3,1,41.53209930722914,0,0,68.28752506669008,False,True,0.8703146546403541,1.1188433041175612
0,1,1,42.2453798160185,1,1,23.168089893188515,False,True,0.9203449351833662,-0.27600572156307457
0,3,1,32.11659446233118,0,1,47.68358897131391,False,True,0.20990077393042234,0.4818809822864573
1,3,0,37.908246749791104,1,0,26.427741165433012,False,True,0.6161336446995961,-0.17523492548229494
0,3,1,39.83569749018858,0,0,25.745102889828864,False,True,0.7513271626587409,-0.19633841070894434
0,3,0,38.913967410558186,0,0,3.9000353271676693,False,False,0.6866759996161521,-0.8716698081108528
1,2,0,13.497436484055754,1,0,4.314637413841523,False,False,-1.0960674750952537,-0.8588525528766422
0,3,1,4.94292500311219,0,0,24.12898457048833,False,True,-1.696090332899734,-0.2463000526144413
0,2,1,25.782680110451377,1,0,0.6803625983127254,False,False,-0.23436695532213533,-0.9712046837489092
0,3,1,13.686036476082023,0,2,1.056832019966164,False,True,-1.0828388639174449,-0.95956628437683
0,2,0,43.097571649473856,0,0,28.945664124470255,False,True,0.9801186090450001,-0.09739435915768246
0,1,1,22.41700996963565,1,1,24.79288646673563,False,True,-0.47043876618101926,-0.2257757949510401
0,2,1,17.576448559745792,1,0,21.185973106717096,False,True,-0.8099610752001003,-0.33728205753145163
0,3,0,2.3705977942640324,0,0,2.1028504736861895,False,True,-1.8765161966675914,-0.9272290484295097
1,3,1,54.533681836159246,0,0,58.86259540472241,False,False,1.7822599740624945,0.8274754289313728
1,2,0,2.8658411954246397,0,3,18.007077074161153,False,True,-1.8417792790148229,-0.43555633815353734
0,3,0,41.01497076843847,1,0,12.35526094545745,False,True,0.8340426893284074,-0.6102799398594018
0,1,0,6.140429143506655,1,0,75.88591128950375,False,True,-1.6120960734785135,1.3537443302248502
0,2,0,12.169001243656812,0,2,6.792182432178239,False,False,-1.1892453860873653,-0.7822602542005175
0,3,0,26.24409650145322,0,0,30.580052183893308,False,True,-0.20200270142131313,-0.046867915652707426
0,1,1,31.48122985883287,1,0,16.65264984892658,False,False,0.16533560080649587,-0.4774279060977944
1,1,0,25.67891717979328,3,1,13.65184048032396,False,True,-0.2416450015701686,-0.570196709784125
0,1,1,40.06985481102993,0,3,9.862263778656182,False,True,0.7677512150596348,-0.6873499354337164
0,2,1,42.05659382971626,0,3,37.07688430086167,False,True,0.9071032781621742,0.15397901236216527
0,3,1,47.84611811630684,0,0,95.09856551046424,False,True,1.3131868886064444,1.9476957375905273
0,3,0,57.38657045825566,0,1,9.985255383382832,False,True,1.9823647243853457,-0.6835476998924208
0,3,1,41.44339516408619,2,0,53.39125101637631,False,True,0.8640928483354242,0.6583310378302661
0,3,1,26.557320541138512,0,0,1.822437845131651,False,True,-0.18003282227114772,-0.9358978910296838
0,1,1,42.1600499712831,1,0,24.718475158471527,True,False,0.9143598058854279,-0.22807619034457027
1,3,1,36.46738539307514,0,0,2.3411946935931893,False,False,0.515070042075102,-0.9198607336082919
1,3,1,37.04232117413069,0,3,86.99521688146957,True,False,0.5553966710324053,1.6971840036461738
0,3,1,32.26967238353944,0,2,46.52596769650484,True,False,0.2206378279345882,0.4460935904216116
0,1,1,16.475215518768355,0,0,34.3295390136775,False,True,-0.8872027736685577,0.06904594787895282
0,1,1,28.291786084410433,0,0,33.36834611048212,False,True,-0.05837549860564411,0.03933105939779984
1,3,1,35.838458254824346,0,0,82.74321989276527,True,False,0.47095639985430604,1.565735242506221
1,2,0,59.87110560856824,0,0,23.296375390864632,False,True,2.156632756467267,-0.27203982746988836
0,2,1,4.4072045704652645,1,0,3.9840969255466407,False,False,-1.7336663541251571,-0.8690710779152024
0,3,0,38.14254492467453,0,0,24.03689256767388,False,True,0.6325675767581479,-0.2491470395038994
0,3,1,28.74336799708325,0,2,4.341569965758256,False,True,-0.026701045847194974,-0.8580199439653008
1,3,0,36.234505552352495,0,0,28.72634702106108,False,False,0.4987355935368388,-0.10417445839494083
0,3,1,23.454636843325776,3,0,21.079435018372482,False,True,-0.39765847434632934,-0.34057563929181545
1,2,1,31.577756539617436,0,0,0.3231293628958584,False,True,0.17210608851789333,-0.9822484042309112
0,3,0,25.32630868873872,0,3,6.934875973764158,False,True,-0.26637734952013553,-0.7778489412776791
0,2,1,26.308232055655427,0,0,96.18734602533647,False,True,-0.19750416300623144,1.9813549453024515
0,3,1,9.161712391155188,0,0,15.483962944682819,False,True,-1.4001799386379394,-0.5135573874053863
0,1,1,39.17130010341449,1,0,17.673398576671975,False,True,0.704725598137134,-0.44587187347270957
1,3,0,2.6495960343672245,0,0,40.13441000008658,False,True,-1.8569469527987792,0.2485011783901226
